job_id,submit_epoch_ms,total_pending_x,pending_gpus_x,job_type,start_epoch_ms,total_running,running_gpus_x,wait_ms,wait_seconds,wait_minutes,label_long_wait,wait_threshold_p90,pending_ratio,queue_depth_norm,fragmentation_score,congestion_score,total_pending_y,pending_gpus_y,running_gpus_y,gpu_nodes_alloc,gpu_nodes_total,util_gpu_mean,util_gpu_std,util_gpu_max,util_mem_mean,util_mem_std,util_mem_max,temp_c_mean,temp_c_max,power_w_mean,power_w_max,mem_used_mb_mean,mem_used_mb_max,mem_total_mb_first,power_efficiency,mem_pressure,job_type_encoded
5,1770343641000,0,0,,1770343703000,1,1,62000,62.0,1.0333333333333334,0,133.0,0.0,0.0,0.8888888888888888,0.2666666666666666,0,0,1,1,9,,,,,,,,,,,,,,,,-1
6,1770344012000,0,0,,1770344079000,1,1,67000,67.0,1.1166666666666667,0,133.0,0.0,0.0,0.5,0.15,0,0,1,5,10,0.0,0.0,0.0,0.0,0.0,0.0,20.0,20.0,9.405,11.04,1.0,1.0,15360.0,0.0,6.510416666666667e-05,-1
8,1770344132000,0,0,,1770344200000,1,1,68000,68.0,1.1333333333333333,0,133.0,0.0,0.0,0.6,0.18,0,0,1,4,10,0.0,0.0,0.0,0.0,0.0,0.0,20.8,21.0,9.1855,10.94,1.0,1.0,15360.0,0.0,6.510416666666667e-05,-1
7,1770344226000,2,2,,1770344305000,2,2,79000,79.0,1.3166666666666669,0,133.0,0.6666666666666666,0.0034305317324185,0.9,0.5376958261863922,2,2,1,1,10,0.0,0.0,0.0,0.0,0.0,0.0,23.8,26.0,9.246166666666666,10.94,1.0,1.0,15360.0,0.0,6.510416666666667e-05,-1
9,1770344252000,0,0,,1770344320000,1,1,68000,68.0,1.1333333333333333,0,133.0,0.0,0.0,0.7,0.21,0,0,2,3,10,0.0,0.0,0.0,0.0,0.0,0.0,21.0,21.0,9.159166666666666,10.85,1.0,1.0,15360.0,0.0,6.510416666666667e-05,-1
10,1770344372000,0,0,,1770344440000,1,1,68000,68.0,1.1333333333333333,0,133.0,0.0,0.0,0.9,0.27,0,0,1,1,10,0.0,0.0,0.0,0.0,0.0,0.0,21.0,21.0,9.187333333333331,10.94,1.0,1.0,15360.0,0.0,6.510416666666667e-05,-1
14,1770345513000,6,6,short,1770345548000,2,2,35000,35.0,0.5833333333333334,0,133.0,0.8571428571428571,0.0102915951972555,0.8,0.5859446214163195,6,6,1,2,10,0.0,0.0,0.0,0.0,0.0,0.0,20.0,20.0,9.291333333333334,10.94,1.0,1.0,15360.0,0.0,6.510416666666667e-05,0
12,1770345516000,6,6,medium,1770345659000,2,2,143000,143.0,2.3833333333333333,1,133.0,0.75,0.0102915951972555,0.8,0.5430874785591767,6,6,2,2,10,0.0,0.0,0.0,0.0,0.0,0.0,25.441666666666663,27.0,9.337166666666668,11.07,1.0,1.0,15360.0,0.0,6.510416666666667e-05,1
16,1770345549000,4,4,short,1770345584000,2,2,35000,35.0,0.5833333333333334,0,133.0,0.6666666666666666,0.006861063464837,0.7,0.4787249857061177,4,4,2,3,10,0.0,0.0,0.0,0.0,0.0,0.0,20.0,20.0,9.476666666666668,11.24,1.0,1.0,15360.0,0.0,6.510416666666667e-05,0
17,1770345585000,1,1,short,1770345619000,2,2,34000,34.0,0.5666666666666667,0,133.0,0.3333333333333333,0.0017152658662092,0.5,0.2838479130931961,1,1,2,5,10,0.0,0.0,0.0,0.0,0.0,0.0,20.066666666666663,21.0,9.149666666666668,10.85,1.0,1.0,15360.0,0.0,6.510416666666667e-05,0
15,1770345632000,3,3,short,1770345666000,2,2,34000,34.0,0.5666666666666667,0,133.0,0.6,0.0051457975986277,0.8,0.4815437392795883,3,3,2,2,10,0.0,0.0,0.0,0.0,0.0,0.0,20.766666666666666,21.0,9.182333333333334,10.55,1.0,1.0,15360.0,0.0,6.510416666666667e-05,0
27,1770345660000,17,17,medium,1770345793000,2,2,133000,133.0,2.216666666666667,0,133.0,0.8947368421052632,0.0291595197255574,0.8,0.6066425927597725,17,17,2,2,10,0.0,0.0,0.0,0.0,0.0,0.0,25.0,25.0,9.140666666666668,10.67,1.0,1.0,15360.0,0.0,6.510416666666667e-05,1
28,1770345667000,16,16,medium,1770345800000,2,2,133000,133.0,2.216666666666667,0,133.0,0.8888888888888888,0.0274442538593482,0.8,0.60378883171336,16,16,2,2,10,0.0,0.0,0.0,0.0,0.0,0.0,20.791666666666668,21.0,9.155,10.75,1.0,1.0,15360.0,0.0,6.510416666666667e-05,1
30,1770345794000,12,12,medium,1770345927000,2,2,133000,133.0,2.216666666666667,0,133.0,0.8571428571428571,0.0205831903945111,0.5,0.4990320999754962,12,12,2,5,10,0.0,0.0,0.0,0.0,0.0,0.0,25.0,25.0,9.205916666666669,10.97,1.0,1.0,15360.0,0.0,6.510416666666667e-05,1
31,1770345801000,11,11,medium,1770345934000,2,2,133000,133.0,2.216666666666667,0,133.0,0.8461538461538461,0.0188679245283018,0.5,0.494121915820029,11,11,2,5,10,0.0,0.0,0.0,0.0,0.0,0.0,20.975,21.0,9.256333333333334,11.15,1.0,1.0,15360.0,0.0,6.510416666666667e-05,1
37,1770345928000,13,13,medium,1770346061000,2,2,133000,133.0,2.216666666666667,0,133.0,0.8666666666666667,0.0222984562607204,0.8,0.5933562035448827,13,13,2,2,10,0.0,0.0,0.0,0.0,0.0,0.0,25.0,25.0,9.137166666666667,11.16,1.0,1.0,15360.0,0.0,6.510416666666667e-05,1
23,1770345935000,12,12,medium,1770346068000,2,2,133000,133.0,2.216666666666667,0,133.0,0.8571428571428571,0.0205831903945111,0.8,0.5890320999754962,12,12,2,2,10,0.0,0.0,0.0,0.0,0.0,0.0,21.0,21.0,9.301583333333332,11.14,1.0,1.0,15360.0,0.0,6.510416666666667e-05,1
20,1770346062000,11,11,burst,1770346080000,2,2,18000,18.0,0.3,0,133.0,0.8461538461538461,0.0188679245283018,0.8,0.584121915820029,11,11,2,2,10,0.0,0.0,0.0,0.0,0.0,0.0,25.0,25.0,9.236666666666668,11.16,1.0,1.0,15360.0,0.0,6.510416666666667e-05,3
21,1770346069000,10,10,burst,1770346087000,2,2,18000,18.0,0.3,0,133.0,0.8333333333333334,0.0171526586620926,0.8,0.5784791309319611,10,10,2,2,10,0.0,0.0,0.0,0.0,0.0,0.0,21.0,21.0,9.443333333333332,11.24,1.0,1.0,15360.0,0.0,6.510416666666667e-05,3
22,1770346082000,5,5,burst,1770346100000,2,2,18000,18.0,0.3,0,133.0,0.7142857142857143,0.0085763293310463,0.4,0.4082871845135996,5,5,2,6,10,0.0,0.0,0.0,0.0,0.0,0.0,25.0,25.0,9.132,10.37,1.0,1.0,15360.0,0.0,6.510416666666667e-05,3
35,1770346089000,4,4,medium,1770346221000,2,2,132000,132.0,2.2,0,133.0,0.6666666666666666,0.006861063464837,0.4,0.3887249857061178,4,4,2,6,10,0.0,0.0,0.0,0.0,0.0,0.0,20.5,21.0,9.3075,11.24,1.0,1.0,15360.0,0.0,6.510416666666667e-05,1
36,1770346101000,3,3,medium,1770346234000,2,2,133000,133.0,2.216666666666667,0,133.0,0.6,0.0051457975986277,0.4,0.3615437392795883,3,3,2,6,10,0.0,0.0,0.0,0.0,0.0,0.0,25.0,25.0,9.328083333333334,11.36,1.0,1.0,15360.0,0.0,6.510416666666667e-05,1
32,1770346223000,3,3,medium,1770346355000,2,2,132000,132.0,2.2,0,133.0,0.6,0.0051457975986277,0.5,0.3915437392795883,3,3,2,5,10,0.0,0.0,0.0,0.0,0.0,0.0,20.141666666666666,21.0,9.195166666666667,11.04,1.0,1.0,15360.0,0.0,6.510416666666667e-05,1
33,1770346235000,2,2,medium,1770346368000,2,2,133000,133.0,2.216666666666667,0,133.0,0.5,0.0034305317324185,0.5,0.3510291595197256,2,2,2,5,10,0.0,0.0,0.0,0.0,0.0,0.0,25.0,25.0,9.234666666666667,11.26,1.0,1.0,15360.0,0.0,6.510416666666667e-05,1
29,1770346357000,4,4,medium,1770346489000,2,2,132000,132.0,2.2,0,133.0,0.6666666666666666,0.006861063464837,0.8,0.5087249857061178,4,4,2,2,10,0.0,0.0,0.0,0.0,0.0,0.0,20.0,20.0,9.18225,11.14,1.0,1.0,15360.0,0.0,6.510416666666667e-05,1
24,1770346414000,3,3,medium,1770346546000,2,2,132000,132.0,2.2,0,133.0,0.6,0.0051457975986277,0.8,0.4815437392795883,3,3,2,2,10,0.0,0.0,0.0,0.0,0.0,0.0,25.0,25.0,9.19275,10.97,1.0,1.0,15360.0,0.0,6.510416666666667e-05,1
25,1770346533000,2,2,medium,1770346666000,2,2,133000,133.0,2.216666666666667,0,133.0,0.5,0.0034305317324185,0.8,0.4410291595197255,2,2,2,2,10,0.0,0.0,0.0,0.0,0.0,0.0,20.0,20.0,9.28625,11.15,1.0,1.0,15360.0,0.0,6.510416666666667e-05,1
26,1770346548000,0,0,medium,1770346680000,2,2,132000,132.0,2.2,0,133.0,0.0,0.0,0.7,0.21,0,0,2,3,10,0.0,0.0,0.0,0.0,0.0,0.0,25.0,25.0,9.161083333333332,11.27,1.0,1.0,15360.0,0.0,6.510416666666667e-05,1
34,1770346667000,0,0,medium,1770346800000,1,1,133000,133.0,2.216666666666667,0,133.0,0.0,0.0,0.8,0.24,0,0,2,2,10,0.0,0.0,0.0,0.0,0.0,0.0,20.0,20.0,9.297166666666667,11.34,1.0,1.0,15360.0,0.0,6.510416666666667e-05,1
38,1770347088000,5,5,medium,1770347220000,2,2,132000,132.0,2.2,0,133.0,0.7142857142857143,0.0085763293310463,0.0,0.2882871845135996,5,5,2,10,10,0.0,0.0,0.0,0.0,0.0,0.0,20.0,20.0,9.189083333333334,11.15,1.0,1.0,15360.0,0.0,6.510416666666667e-05,1
39,1770347088000,5,5,medium,1770347220000,2,2,132000,132.0,2.2,0,133.0,0.7142857142857143,0.0085763293310463,0.0,0.2882871845135996,5,5,2,10,10,0.0,0.0,0.0,0.0,0.0,0.0,25.0,25.0,9.159916666666668,11.07,1.0,1.0,15360.0,0.0,6.510416666666667e-05,1
48,1770347222000,19,19,medium,1770347354000,2,2,132000,132.0,2.2,0,133.0,0.9047619047619048,0.0325900514579759,0.8,0.6116817773421548,19,19,2,2,10,0.0,0.0,0.0,0.0,0.0,0.0,20.0,20.0,9.230916666666667,11.24,1.0,1.0,15360.0,0.0,6.510416666666667e-05,1
49,1770347222000,19,19,medium,1770347355000,2,2,133000,133.0,2.216666666666667,0,133.0,0.9047619047619048,0.0325900514579759,0.8,0.6116817773421548,19,19,2,2,10,0.0,0.0,0.0,0.0,0.0,0.0,25.0,25.0,9.189416666666666,11.15,1.0,1.0,15360.0,0.0,6.510416666666667e-05,1
45,1770347356000,18,18,medium,1770347488000,2,2,132000,132.0,2.2,0,133.0,0.9473684210526316,0.0308747855917667,0.8,0.6282098040985826,18,18,1,2,10,0.0,0.0,0.0,0.0,0.0,0.0,20.0,20.0,9.314666666666666,11.04,1.0,1.0,15360.0,0.0,6.510416666666667e-05,1
46,1770347356000,17,17,medium,1770347489000,2,2,133000,133.0,2.216666666666667,0,133.0,0.8947368421052632,0.0291595197255574,0.8,0.6066425927597725,17,17,2,2,10,0.0,0.0,0.0,0.0,0.0,0.0,25.0,25.0,9.232333333333337,10.97,1.0,1.0,15360.0,0.0,6.510416666666667e-05,1
60,1770347490000,28,28,burst,1770347508000,2,2,18000,18.0,0.3,0,133.0,0.9333333333333332,0.0480274442538593,0.8,0.6277415666094912,28,28,2,2,10,0.0,0.0,0.0,0.0,0.0,0.0,20.0,20.0,9.08,9.95,1.0,1.0,15360.0,0.0,6.510416666666667e-05,3
40,1770347490000,27,27,medium,1770347623000,2,2,133000,133.0,2.216666666666667,0,133.0,0.9310344827586208,0.04631217838765,0.8,0.6263074466197434,27,27,2,2,10,0.0,0.0,0.0,0.0,0.0,0.0,25.0,25.0,9.33425,11.36,1.0,1.0,15360.0,0.0,6.510416666666667e-05,1
41,1770347509000,26,26,medium,1770347642000,2,2,133000,133.0,2.216666666666667,0,133.0,0.9285714285714286,0.0445969125214408,0.8,0.6248076451850038,26,26,2,2,10,0.0,0.0,0.0,0.0,0.0,0.0,20.0,20.0,9.26825,11.64,1.0,1.0,15360.0,0.0,6.510416666666667e-05,1
42,1770347624000,25,25,medium,1770347757000,2,2,133000,133.0,2.216666666666667,0,133.0,0.925925925925926,0.0428816466552315,0.8,0.6232348643669399,25,25,2,2,10,0.0,0.0,0.0,0.0,0.0,0.0,25.0,25.0,9.19825,11.06,1.0,1.0,15360.0,0.0,6.510416666666667e-05,1
43,1770347643000,16,16,medium,1770347776000,2,2,133000,133.0,2.216666666666667,0,133.0,0.8888888888888888,0.0274442538593482,0.0,0.36378883171336,16,16,2,10,10,0.0,0.0,0.0,0.0,0.0,0.0,20.0,20.0,9.150666666666666,11.04,1.0,1.0,15360.0,0.0,6.510416666666667e-05,1
65,1770347758000,23,23,short,1770347793000,2,2,35000,35.0,0.5833333333333334,0,133.0,0.92,0.039451114922813,0.8,0.6198353344768439,23,23,2,2,10,0.0,0.0,0.0,0.0,0.0,0.0,25.0,25.0,9.174333333333331,11.06,1.0,1.0,15360.0,0.0,6.510416666666667e-05,0
66,1770347777000,22,22,short,1770347811000,2,2,34000,34.0,0.5666666666666667,0,133.0,0.9166666666666666,0.0377358490566037,0.8,0.6179874213836478,22,22,2,2,10,0.0,0.0,0.0,0.0,0.0,0.0,20.0,20.0,9.198666666666666,10.35,1.0,1.0,15360.0,0.0,6.510416666666667e-05,0
67,1770347794000,21,21,short,1770347829000,2,2,35000,35.0,0.5833333333333334,0,133.0,0.9130434782608696,0.0360205831903945,0.8,0.6160235662614661,21,21,2,2,10,0.0,0.0,0.0,0.0,0.0,0.0,25.0,25.0,9.140666666666668,10.87,1.0,1.0,15360.0,0.0,6.510416666666667e-05,0
68,1770347813000,20,20,short,1770347847000,2,2,34000,34.0,0.5666666666666667,0,133.0,0.9090909090909092,0.0343053173241852,0.8,0.6139279588336193,20,20,2,2,10,0.0,0.0,0.0,0.0,0.0,0.0,20.0,20.0,9.099333333333334,10.35,1.0,1.0,15360.0,0.0,6.510416666666667e-05,0
59,1770347830000,11,11,burst,1770347848000,2,2,18000,18.0,0.3,0,133.0,0.8461538461538461,0.0188679245283018,0.0,0.344121915820029,11,11,2,10,10,0.0,0.0,0.0,0.0,0.0,0.0,25.0,25.0,9.110666666666669,10.47,1.0,1.0,15360.0,0.0,6.510416666666667e-05,3
70,1770347848000,18,18,burst,1770347867000,2,2,19000,19.0,0.3166666666666666,0,133.0,0.9,0.0308747855917667,0.8,0.60926243567753,18,18,2,2,10,0.0,0.0,0.0,0.0,0.0,0.0,20.0,20.0,9.244666666666664,10.75,1.0,1.0,15360.0,0.0,6.510416666666667e-05,3
71,1770347850000,17,17,burst,1770347868000,2,2,18000,18.0,0.3,0,133.0,0.8947368421052632,0.0291595197255574,0.8,0.6066425927597725,17,17,2,2,10,0.0,0.0,0.0,0.0,0.0,0.0,25.0,25.0,9.21,10.87,1.0,1.0,15360.0,0.0,6.510416666666667e-05,3
72,1770347868000,16,16,burst,1770347886000,2,2,18000,18.0,0.3,0,133.0,0.8888888888888888,0.0274442538593482,0.8,0.60378883171336,16,16,2,2,10,0.0,0.0,0.0,0.0,0.0,0.0,20.0,20.0,9.132666666666667,10.06,1.0,1.0,15360.0,0.0,6.510416666666667e-05,3
44,1770347869000,15,15,medium,1770348002000,2,2,133000,133.0,2.216666666666667,0,133.0,0.8823529411764706,0.0257289879931389,0.8,0.60065987286853,15,15,2,2,10,0.0,0.0,0.0,0.0,0.0,0.0,25.0,25.0,9.228916666666668,11.16,1.0,1.0,15360.0,0.0,6.510416666666667e-05,1
50,1770347887000,14,14,medium,1770348020000,2,2,133000,133.0,2.216666666666667,0,133.0,0.875,0.0240137221269296,0.8,0.5972041166380789,14,14,2,2,10,0.0,0.0,0.0,0.0,0.0,0.0,20.008333333333333,21.0,9.232916666666666,10.94,1.0,1.0,15360.0,0.0,6.510416666666667e-05,1
51,1770348003000,13,13,medium,1770348136000,2,2,133000,133.0,2.216666666666667,0,133.0,0.8666666666666667,0.0222984562607204,0.8,0.5933562035448827,13,13,2,2,10,0.0,0.0,0.0,0.0,0.0,0.0,25.0,25.0,9.1505,10.86,1.0,1.0,15360.0,0.0,6.510416666666667e-05,1
52,1770348021000,12,12,medium,1770348154000,2,2,133000,133.0,2.216666666666667,0,133.0,0.8571428571428571,0.0205831903945111,0.8,0.5890320999754962,12,12,2,2,10,0.0,0.0,0.0,0.0,0.0,0.0,20.008333333333333,21.0,9.254583333333333,10.55,1.0,1.0,15360.0,0.0,6.510416666666667e-05,1
56,1770348137000,11,11,burst,1770348156000,2,2,19000,19.0,0.3166666666666666,0,133.0,0.8461538461538461,0.0188679245283018,0.8,0.584121915820029,11,11,2,2,10,0.0,0.0,0.0,0.0,0.0,0.0,25.0,25.0,9.216666666666669,10.47,1.0,1.0,15360.0,0.0,6.510416666666667e-05,3
57,1770348155000,10,10,burst,1770348174000,2,2,19000,19.0,0.3166666666666666,0,133.0,0.8333333333333334,0.0171526586620926,0.8,0.5784791309319611,10,10,2,2,10,0.0,0.0,0.0,0.0,0.0,0.0,20.0,20.0,9.246,11.14,1.0,1.0,15360.0,0.0,6.510416666666667e-05,3
58,1770348157000,9,9,burst,1770348175000,2,2,18000,18.0,0.3,0,133.0,0.8181818181818182,0.0154373927958833,0.8,0.5719039451114923,9,9,2,2,10,0.0,0.0,0.0,0.0,0.0,0.0,25.0,25.0,9.256,11.06,1.0,1.0,15360.0,0.0,6.510416666666667e-05,3
69,1770348175000,8,8,memheavy,1770348242000,2,2,67000,67.0,1.1166666666666667,0,133.0,0.8,0.0137221269296741,0.8,0.5641166380789022,8,8,2,2,10,0.0,0.0,0.0,0.0,0.0,0.0,20.0,20.0,9.273166666666668,10.94,1.0,1.0,15360.0,0.0,6.510416666666667e-05,4
47,1770348177000,7,7,medium,1770348309000,1,1,132000,132.0,2.2,0,133.0,0.7777777777777778,0.0120068610634648,0.8,0.5547131694301506,7,7,2,2,10,0.0,0.0,0.0,0.0,0.0,0.0,25.0,25.0,9.33225,11.66,1.0,1.0,15360.0,0.0,6.510416666666667e-05,1
53,1770348243000,6,6,burst,1770348261000,2,2,18000,18.0,0.3,0,133.0,0.75,0.0102915951972555,0.8,0.5430874785591767,6,6,2,2,10,0.0,0.0,0.0,0.0,0.0,0.0,20.066666666666663,21.0,9.332,10.35,1.0,1.0,15360.0,0.0,6.510416666666667e-05,3
54,1770348263000,5,5,burst,1770348281000,2,2,18000,18.0,0.3,0,133.0,0.7142857142857143,0.0085763293310463,0.8,0.5282871845135997,5,5,2,2,10,0.0,0.0,0.0,0.0,0.0,0.0,20.0,20.0,9.250666666666666,11.14,1.0,1.0,15360.0,0.0,6.510416666666667e-05,3
55,1770348282000,0,0,burst,1770348301000,2,2,19000,19.0,0.3166666666666666,0,133.0,0.0,0.0,0.3,0.09,0,0,2,7,10,0.0,0.0,0.0,0.0,0.0,0.0,20.0,20.0,9.165333333333333,10.45,1.0,1.0,15360.0,0.0,6.510416666666667e-05,3
74,1770348326000,5,5,short,1770348360000,2,2,34000,34.0,0.5666666666666667,0,133.0,0.8333333333333334,0.0085763293310463,0.9,0.6059062321326473,5,5,1,1,10,0.0,0.0,0.0,0.0,0.0,0.0,20.0,20.0,9.212333333333332,10.85,1.0,1.0,15360.0,0.0,6.510416666666667e-05,0
75,1770348329000,5,5,short,1770348363000,1,1,34000,34.0,0.5666666666666667,0,133.0,0.7142857142857143,0.0085763293310463,0.8,0.5282871845135997,5,5,2,2,10,0.0,0.0,0.0,0.0,0.0,0.0,25.0,25.0,9.211333333333334,11.06,1.0,1.0,15360.0,0.0,6.510416666666667e-05,0
76,1770348375000,5,5,short,1770348409000,2,2,34000,34.0,0.5666666666666667,0,133.0,0.8333333333333334,0.0085763293310463,0.9,0.6059062321326473,5,5,1,1,10,0.0,0.0,0.0,0.0,0.0,0.0,20.0,20.0,9.095666666666666,10.35,1.0,1.0,15360.0,0.0,6.510416666666667e-05,0
77,1770348377000,5,5,short,1770348411000,2,2,34000,34.0,0.5666666666666667,0,133.0,0.7142857142857143,0.0085763293310463,0.7,0.4982871845135996,5,5,2,3,10,0.0,0.0,0.0,0.0,0.0,0.0,25.0,25.0,9.201666666666666,11.27,1.0,1.0,15360.0,0.0,6.510416666666667e-05,0
63,1770348411000,3,3,medium,1770348543000,2,2,132000,132.0,2.2,0,133.0,0.6,0.0051457975986277,0.6,0.4215437392795883,3,3,2,4,10,0.0,0.0,0.0,0.0,0.0,0.0,20.0,20.0,9.192083333333333,11.05,1.0,1.0,15360.0,0.0,6.510416666666667e-05,1
64,1770348412000,2,2,short,1770348447000,2,2,35000,35.0,0.5833333333333334,0,133.0,0.5,0.0034305317324185,0.6,0.3810291595197256,2,2,2,4,10,0.0,0.0,0.0,0.0,0.0,0.0,25.0,25.0,9.217,11.07,1.0,1.0,15360.0,0.0,6.510416666666667e-05,0
73,1770348448000,7,7,short,1770348483000,2,2,35000,35.0,0.5833333333333334,0,133.0,0.7777777777777778,0.0120068610634648,0.8,0.5547131694301506,7,7,2,2,10,0.0,0.0,0.0,0.0,0.0,0.0,25.0,25.0,9.201333333333334,10.66,1.0,1.0,15360.0,0.0,6.510416666666667e-05,0
78,1770348484000,2,2,short,1770348519000,2,2,35000,35.0,0.5833333333333334,0,133.0,0.5,0.0034305317324185,0.4,0.3210291595197255,2,2,2,6,10,0.0,0.0,0.0,0.0,0.0,0.0,25.0,25.0,9.177666666666664,10.86,1.0,1.0,15360.0,0.0,6.510416666666667e-05,0
62,1770348520000,4,4,medium,1770348653000,2,2,133000,133.0,2.216666666666667,0,133.0,0.6666666666666666,0.006861063464837,0.7,0.4787249857061177,4,4,2,3,10,0.0,0.0,0.0,0.0,0.0,0.0,25.0,25.0,9.186416666666668,11.16,1.0,1.0,15360.0,0.0,6.510416666666667e-05,1
79,1770348573000,4,4,short,1770348607000,2,2,34000,34.0,0.5666666666666667,0,133.0,0.6666666666666666,0.006861063464837,0.8,0.5087249857061178,4,4,2,2,10,0.0,0.0,0.0,0.0,0.0,0.0,20.0,20.0,9.298,11.44,1.0,1.0,15360.0,0.0,6.510416666666667e-05,0
61,1770348608000,0,0,long,1770348937000,1,1,329000,329.0,5.483333333333333,1,133.0,0.0,0.0,0.5,0.15,0,0,2,5,10,0.0,0.0,0.0,0.0,0.0,0.0,20.01,21.0,9.2982,11.14,1.0,1.0,15360.0,0.0,6.510416666666667e-05,2
80,1770348714000,2,2,short,1770348748000,2,2,34000,34.0,0.5666666666666667,0,133.0,0.5,0.0034305317324185,0.8,0.4410291595197255,2,2,2,2,10,0.0,0.0,0.0,0.0,0.0,0.0,25.0,25.0,9.148666666666667,10.67,1.0,1.0,15360.0,0.0,6.510416666666667e-05,0
81,1770348834000,1,1,short,1770348868000,2,2,34000,34.0,0.5666666666666667,0,133.0,0.3333333333333333,0.0017152658662092,0.8,0.3738479130931961,1,1,2,2,10,0.0,0.0,0.0,0.0,0.0,0.0,25.0,25.0,9.332,11.27,1.0,1.0,15360.0,0.0,6.510416666666667e-05,0
82,1770348954000,0,0,short,1770348988000,1,1,34000,34.0,0.5666666666666667,0,133.0,0.0,0.0,0.9,0.27,0,0,1,1,10,0.0,0.0,0.0,0.0,0.0,0.0,20.0,20.0,9.235333333333331,11.05,1.0,1.0,15360.0,0.0,6.510416666666667e-05,0
83,1770349383000,5,5,short,1770349417000,2,2,34000,34.0,0.5666666666666667,0,133.0,0.7142857142857143,0.0085763293310463,0.0,0.2882871845135996,5,5,2,10,10,0.0,0.0,0.0,0.0,0.0,0.0,20.0,20.0,9.336,10.74,1.0,1.0,15360.0,0.0,6.510416666666667e-05,0
84,1770349383000,5,5,burst,1770349401000,2,2,18000,18.0,0.3,0,133.0,0.7142857142857143,0.0085763293310463,0.0,0.2882871845135996,5,5,2,10,10,0.0,0.0,0.0,0.0,0.0,0.0,25.0,25.0,9.091333333333331,10.37,1.0,1.0,15360.0,0.0,6.510416666666667e-05,3
93,1770349402000,12,12,medium,1770349535000,2,2,133000,133.0,2.216666666666667,0,133.0,0.8571428571428571,0.0205831903945111,0.8,0.5890320999754962,12,12,2,2,10,0.0,0.0,0.0,0.0,0.0,0.0,25.0,25.0,9.2555,11.16,1.0,1.0,15360.0,0.0,6.510416666666667e-05,1
94,1770349418000,11,11,medium,1770349551000,2,2,133000,133.0,2.216666666666667,0,133.0,0.8461538461538461,0.0188679245283018,0.8,0.584121915820029,11,11,2,2,10,0.0,0.0,0.0,0.0,0.0,0.0,20.0,20.0,9.227916666666667,11.14,1.0,1.0,15360.0,0.0,6.510416666666667e-05,1
95,1770349536000,10,10,medium,1770349669000,2,2,133000,133.0,2.216666666666667,0,133.0,0.8333333333333334,0.0171526586620926,0.8,0.5784791309319611,10,10,2,2,10,0.0,0.0,0.0,0.0,0.0,0.0,25.0,25.0,9.31475,10.77,1.0,1.0,15360.0,0.0,6.510416666666667e-05,1
96,1770349552000,1,1,long,1770349881000,2,2,329000,329.0,5.483333333333333,1,133.0,0.3333333333333333,0.0017152658662092,0.0,0.1338479130931961,1,1,2,10,10,0.0,0.0,0.0,0.0,0.0,0.0,20.0,20.0,9.1767,11.74,1.0,1.0,15360.0,0.0,6.510416666666667e-05,2
92,1770349670000,8,8,burst,1770349689000,2,2,19000,19.0,0.3166666666666666,0,133.0,0.8,0.0137221269296741,0.8,0.5641166380789022,8,8,2,2,10,0.0,0.0,0.0,0.0,0.0,0.0,25.0,25.0,9.154,10.65,1.0,1.0,15360.0,0.0,6.510416666666667e-05,3
85,1770349690000,7,7,short,1770349725000,2,2,35000,35.0,0.5833333333333334,0,133.0,0.7777777777777778,0.0120068610634648,0.8,0.5547131694301506,7,7,2,2,10,0.0,0.0,0.0,0.0,0.0,0.0,25.0,25.0,9.148,10.75,1.0,1.0,15360.0,0.0,6.510416666666667e-05,0
86,1770349726000,6,6,burst,1770349744000,2,2,18000,18.0,0.3,0,133.0,0.75,0.0102915951972555,0.8,0.5430874785591767,6,6,2,2,10,0.0,0.0,0.0,0.0,0.0,0.0,25.0,25.0,9.132666666666667,10.06,1.0,1.0,15360.0,0.0,6.510416666666667e-05,3
87,1770349745000,0,0,short,1770349780000,2,2,35000,35.0,0.5833333333333334,0,133.0,0.0,0.0,0.3,0.09,0,0,2,7,10,0.0,0.0,0.0,0.0,0.0,0.0,25.0,25.0,9.131666666666666,10.55,1.0,1.0,15360.0,0.0,6.510416666666667e-05,0
88,1770349865000,4,4,burst,1770349883000,2,2,18000,18.0,0.3,0,133.0,0.6666666666666666,0.006861063464837,0.8,0.5087249857061178,4,4,2,2,10,0.0,0.0,0.0,0.0,0.0,0.0,25.0,25.0,9.198,10.36,1.0,1.0,15360.0,0.0,6.510416666666667e-05,3
97,1770349882000,0,0,memheavy,1770349949000,1,1,67000,67.0,1.1166666666666667,0,133.0,0.0,0.0,0.5,0.15,0,0,2,5,10,0.0,0.0,0.0,0.0,0.0,0.0,20.0,20.0,9.216,11.04,1.0,1.0,15360.0,0.0,6.510416666666667e-05,4
89,1770349985000,1,1,short,1770350019000,2,2,34000,34.0,0.5666666666666667,0,133.0,0.3333333333333333,0.0017152658662092,0.8,0.3738479130931961,1,1,2,2,10,0.0,0.0,0.0,0.0,0.0,0.0,20.0,20.0,9.250333333333334,11.14,1.0,1.0,15360.0,0.0,6.510416666666667e-05,0
90,1770349985000,1,1,burst,1770350003000,2,2,18000,18.0,0.3,0,133.0,0.3333333333333333,0.0017152658662092,0.8,0.3738479130931961,1,1,2,2,10,0.0,0.0,0.0,0.0,0.0,0.0,25.0,25.0,9.132666666666667,9.86,1.0,1.0,15360.0,0.0,6.510416666666667e-05,3
91,1770350004000,0,0,short,1770350039000,1,1,35000,35.0,0.5833333333333334,0,133.0,0.0,0.0,0.8,0.24,0,0,2,2,10,0.0,0.0,0.0,0.0,0.0,0.0,25.0,25.0,9.181,10.76,1.0,1.0,15360.0,0.0,6.510416666666667e-05,0
98,1770350288000,18,18,burst,1770350306000,2,2,18000,18.0,0.3,0,133.0,0.9,0.0308747855917667,0.8,0.60926243567753,18,18,2,2,10,0.0,0.0,0.0,0.0,0.0,0.0,20.0,20.0,9.193333333333332,10.75,1.0,1.0,15360.0,0.0,6.510416666666667e-05,3
99,1770350288000,18,18,burst,1770350306000,2,2,18000,18.0,0.3,0,133.0,0.9,0.0308747855917667,0.8,0.60926243567753,18,18,2,2,10,0.0,0.0,0.0,0.0,0.0,0.0,25.0,25.0,9.246,10.56,1.0,1.0,15360.0,0.0,6.510416666666667e-05,3
108,1770350307000,16,16,burst,1770350325000,2,2,18000,18.0,0.3,0,133.0,0.8888888888888888,0.0274442538593482,0.8,0.60378883171336,16,16,2,2,10,0.0,0.0,0.0,0.0,0.0,0.0,20.0,20.0,9.113333333333332,10.25,1.0,1.0,15360.0,0.0,6.510416666666667e-05,3
109,1770350307000,16,16,burst,1770350326000,2,2,19000,19.0,0.3166666666666666,0,133.0,0.8888888888888888,0.0274442538593482,0.8,0.60378883171336,16,16,2,2,10,0.0,0.0,0.0,0.0,0.0,0.0,25.0,25.0,9.253333333333334,10.84,1.0,1.0,15360.0,0.0,6.510416666666667e-05,3
110,1770350327000,15,14,burst,1770350345000,2,2,18000,18.0,0.3,0,133.0,0.875,0.0257289879931389,0.8,0.5977186963979417,15,14,2,2,10,0.0,0.0,0.0,0.0,0.0,0.0,20.0,20.0,9.118,11.44,1.0,1.0,15360.0,0.0,6.510416666666667e-05,3
111,1770350327000,14,14,burst,1770350345000,2,2,18000,18.0,0.3,0,133.0,0.875,0.0240137221269296,0.8,0.5972041166380789,14,14,2,2,10,0.0,0.0,0.0,0.0,0.0,0.0,25.0,25.0,9.184,10.85,1.0,1.0,15360.0,0.0,6.510416666666667e-05,3
112,1770350346000,13,13,burst,1770350364000,2,2,18000,18.0,0.3,0,133.0,0.8666666666666667,0.0222984562607204,0.8,0.5933562035448827,13,13,2,2,10,0.0,0.0,0.0,0.0,0.0,0.0,20.0,20.0,9.0,9.36,1.0,1.0,15360.0,0.0,6.510416666666667e-05,3
113,1770350346000,12,12,burst,1770350365000,2,2,19000,19.0,0.3166666666666666,0,133.0,0.8571428571428571,0.0205831903945111,0.8,0.5890320999754962,12,12,2,2,10,0.0,0.0,0.0,0.0,0.0,0.0,25.0,25.0,9.132666666666667,10.35,1.0,1.0,15360.0,0.0,6.510416666666667e-05,3
114,1770350366000,11,11,burst,1770350384000,2,2,18000,18.0,0.3,0,133.0,0.8461538461538461,0.0188679245283018,0.8,0.584121915820029,11,11,2,2,10,0.0,0.0,0.0,0.0,0.0,0.0,20.0,20.0,9.171333333333331,11.04,1.0,1.0,15360.0,0.0,6.510416666666667e-05,3
115,1770350366000,10,10,burst,1770350384000,2,2,18000,18.0,0.3,0,133.0,0.8333333333333334,0.0171526586620926,0.8,0.5784791309319611,10,10,2,2,10,0.0,0.0,0.0,0.0,0.0,0.0,25.0,25.0,9.03,9.86,1.0,1.0,15360.0,0.0,6.510416666666667e-05,3
116,1770350385000,9,9,burst,1770350403000,2,2,18000,18.0,0.3,0,133.0,0.8181818181818182,0.0154373927958833,0.8,0.5719039451114923,9,9,2,2,10,0.0,0.0,0.0,0.0,0.0,0.0,20.0,20.0,9.138666666666667,10.55,1.0,1.0,15360.0,0.0,6.510416666666667e-05,3
117,1770350386000,8,8,burst,1770350404000,2,2,18000,18.0,0.3,0,133.0,0.8,0.0137221269296741,0.8,0.5641166380789022,8,8,2,2,10,0.0,0.0,0.0,0.0,0.0,0.0,25.0,25.0,9.178,10.45,1.0,1.0,15360.0,0.0,6.510416666666667e-05,3
101,1770350405000,6,6,burst,1770350424000,2,2,19000,19.0,0.3166666666666666,0,133.0,0.75,0.0102915951972555,0.8,0.5430874785591767,6,6,2,2,10,0.0,0.0,0.0,0.0,0.0,0.0,25.0,25.0,9.117333333333333,10.45,1.0,1.0,15360.0,0.0,6.510416666666667e-05,3
100,1770350405000,7,7,burst,1770350423000,2,2,18000,18.0,0.3,0,133.0,0.7777777777777778,0.0120068610634648,0.8,0.5547131694301506,7,7,2,2,10,0.0,0.0,0.0,0.0,0.0,0.0,20.0,20.0,9.04,9.86,1.0,1.0,15360.0,0.0,6.510416666666667e-05,3
102,1770350424000,15,15,burst,1770350442000,2,2,18000,18.0,0.3,0,133.0,0.8823529411764706,0.0257289879931389,0.8,0.60065987286853,15,15,2,2,10,0.0,0.0,0.0,0.0,0.0,0.0,20.0,20.0,9.199333333333334,10.84,1.0,1.0,15360.0,0.0,6.510416666666667e-05,3
103,1770350425000,14,14,burst,1770350443000,2,2,18000,18.0,0.3,0,133.0,0.875,0.0240137221269296,0.8,0.5972041166380789,14,14,2,2,10,0.0,0.0,0.0,0.0,0.0,0.0,25.0,25.0,9.265333333333333,10.25,1.0,1.0,15360.0,0.0,6.510416666666667e-05,3
105,1770350444000,12,12,burst,1770350463000,2,2,19000,19.0,0.3166666666666666,0,133.0,0.8571428571428571,0.0205831903945111,0.8,0.5890320999754962,12,12,2,2,10,0.0,0.0,0.0,0.0,0.0,0.0,25.0,25.0,9.154666666666666,10.95,1.0,1.0,15360.0,0.0,6.510416666666667e-05,3
104,1770350444000,13,13,burst,1770350462000,2,2,18000,18.0,0.3,0,133.0,0.8666666666666667,0.0222984562607204,0.8,0.5933562035448827,13,13,2,2,10,0.0,0.0,0.0,0.0,0.0,0.0,20.0,20.0,9.146,10.45,1.0,1.0,15360.0,0.0,6.510416666666667e-05,3
106,1770350463000,3,3,burst,1770350482000,2,2,19000,19.0,0.3166666666666666,0,133.0,0.6,0.0051457975986277,0.0,0.2415437392795883,3,3,2,10,10,0.0,0.0,0.0,0.0,0.0,0.0,20.0,20.0,9.118666666666666,10.35,1.0,1.0,15360.0,0.0,6.510416666666667e-05,3
125,1770350464000,2,2,memheavy,1770350531000,2,2,67000,67.0,1.1166666666666667,0,133.0,0.5,0.0034305317324185,0.0,0.2010291595197255,2,2,2,10,10,0.0,0.0,0.0,0.0,0.0,0.0,25.0,25.0,9.161666666666669,11.05,1.0,1.0,15360.0,0.0,6.510416666666667e-05,4
126,1770350483000,1,1,memheavy,1770350550000,2,2,67000,67.0,1.1166666666666667,0,133.0,0.3333333333333333,0.0017152658662092,0.0,0.1338479130931961,1,1,2,10,10,0.0,0.0,0.0,0.0,0.0,0.0,20.0,20.0,9.199,10.94,1.0,1.0,15360.0,0.0,6.510416666666667e-05,4
127,1770350533000,8,8,memheavy,1770350600000,2,2,67000,67.0,1.1166666666666667,0,133.0,0.8,0.0137221269296741,0.8,0.5641166380789022,8,8,2,2,10,0.0,0.0,0.0,0.0,0.0,0.0,25.0,25.0,9.268833333333331,10.95,1.0,1.0,15360.0,0.0,6.510416666666667e-05,4
107,1770350558000,7,7,burst,1770350576000,2,2,18000,18.0,0.3,0,133.0,0.7777777777777778,0.0120068610634648,0.8,0.5547131694301506,7,7,2,2,10,0.0,0.0,0.0,0.0,0.0,0.0,20.266666666666666,21.0,9.204666666666666,10.54,1.0,1.0,15360.0,0.0,6.510416666666667e-05,3
118,1770350577000,6,6,medium,1770350710000,2,2,133000,133.0,2.216666666666667,0,133.0,0.75,0.0102915951972555,0.8,0.5430874785591767,6,6,2,2,10,0.0,0.0,0.0,0.0,0.0,0.0,20.5,21.0,9.26675,11.24,1.0,1.0,15360.0,0.0,6.510416666666667e-05,1
119,1770350601000,5,5,medium,1770350734000,1,1,133000,133.0,2.216666666666667,0,133.0,0.7142857142857143,0.0085763293310463,0.8,0.5282871845135997,5,5,2,2,10,0.0,0.0,0.0,0.0,0.0,0.0,25.008333333333333,26.0,9.217833333333337,11.05,1.0,1.0,15360.0,0.0,6.510416666666667e-05,1
121,1770350766000,0,0,medium,1770350899000,2,2,133000,133.0,2.216666666666667,0,133.0,0.0,0.0,0.5,0.15,0,0,2,5,10,0.0,0.0,0.0,0.0,0.0,0.0,25.066666666666663,26.0,9.297833333333331,11.04,1.0,1.0,15360.0,0.0,6.510416666666667e-05,1
120,1770350766000,0,0,medium,1770350898000,2,2,132000,132.0,2.2,0,133.0,0.0,0.0,0.5,0.15,0,0,2,5,10,0.0,0.0,0.0,0.0,0.0,0.0,20.983333333333334,21.0,9.240916666666667,10.85,1.0,1.0,15360.0,0.0,6.510416666666667e-05,1
123,1770351007000,0,0,long,1770351335000,2,2,328000,328.0,5.466666666666667,1,133.0,0.0,0.0,0.7,0.21,0,0,2,3,10,0.0,0.0,0.0,0.0,0.0,0.0,25.06,26.0,9.217266666666664,11.25,1.0,1.0,15360.0,0.0,6.510416666666667e-05,2
122,1770351007000,0,0,medium,1770351139000,2,2,132000,132.0,2.2,0,133.0,0.0,0.0,0.7,0.21,0,0,2,3,10,0.0,0.0,0.0,0.0,0.0,0.0,20.991666666666667,21.0,9.158083333333334,11.04,1.0,1.0,15360.0,0.0,6.510416666666667e-05,1
128,1770351141000,14,14,medium,1770351273000,2,2,132000,132.0,2.2,0,133.0,0.875,0.0240137221269296,0.8,0.5972041166380789,14,14,2,2,10,0.0,0.0,0.0,0.0,0.0,0.0,20.0,20.0,9.224333333333334,11.14,1.0,1.0,15360.0,0.0,6.510416666666667e-05,1
136,1770351275000,33,33,memheavy,1770351342000,2,2,67000,67.0,1.1166666666666667,0,133.0,0.9428571428571428,0.0566037735849056,0.8,0.6341239892183288,33,33,2,2,10,0.0,0.0,0.0,0.0,0.0,0.0,20.0,20.0,9.171,10.85,1.0,1.0,15360.0,0.0,6.510416666666667e-05,4
140,1770351336000,32,32,medium,1770351469000,2,2,133000,133.0,2.216666666666667,0,133.0,0.9411764705882352,0.0548885077186964,0.8,0.632937140550903,32,32,2,2,10,0.0,0.0,0.0,0.0,0.0,0.0,25.058333333333337,26.0,9.144083333333333,11.05,1.0,1.0,15360.0,0.0,6.510416666666667e-05,1
141,1770351343000,31,31,medium,1770351476000,2,2,133000,133.0,2.216666666666667,0,133.0,0.9393939393939394,0.0531732418524871,0.8,0.6317095483133219,31,31,2,2,10,0.0,0.0,0.0,0.0,0.0,0.0,20.0,20.0,9.278,11.14,1.0,1.0,15360.0,0.0,6.510416666666667e-05,1
144,1770351470000,45,45,long,1770351799000,2,2,329000,329.0,5.483333333333333,1,133.0,0.9574468085106383,0.0771869639794168,0.8,0.6461348125980804,45,45,2,2,10,0.0,0.0,0.0,0.0,0.0,0.0,25.176666666666662,26.0,9.253866666666664,11.65,1.0,1.0,15360.0,0.0,6.510416666666667e-05,2
145,1770351477000,41,41,medium,1770351610000,2,2,133000,133.0,2.216666666666667,0,133.0,0.9534883720930232,0.0703259005145797,0.5,0.5524931189915833,41,41,2,5,10,0.0,0.0,0.0,0.0,0.0,0.0,20.0,20.0,9.243333333333334,11.34,1.0,1.0,15360.0,0.0,6.510416666666667e-05,1
131,1770351611000,39,39,short,1770351646000,2,2,35000,35.0,0.5833333333333334,0,133.0,0.951219512195122,0.0668953687821612,0.4,0.5205564155126972,39,39,2,6,10,0.0,0.0,0.0,0.0,0.0,0.0,20.0,20.0,9.182666666666668,10.75,1.0,1.0,15360.0,0.0,6.510416666666667e-05,0
134,1770351647000,48,48,memheavy,1770351714000,2,2,67000,67.0,1.1166666666666667,0,133.0,0.96,0.0823327615780446,0.8,0.6486998284734133,48,48,2,2,10,0.0,0.0,0.0,0.0,0.0,0.0,20.0,20.0,9.1745,10.75,1.0,1.0,15360.0,0.0,6.510416666666667e-05,4
154,1770351715000,47,47,medium,1770351848000,2,2,133000,133.0,2.216666666666667,0,133.0,0.9591836734693876,0.0806174957118353,0.8,0.6478587181013057,47,47,2,2,10,0.0,0.0,0.0,0.0,0.0,0.0,20.0,20.0,9.179583333333332,11.05,1.0,1.0,15360.0,0.0,6.510416666666667e-05,1
156,1770351800000,45,45,memheavy,1770351867000,2,2,67000,67.0,1.1166666666666667,0,133.0,0.9574468085106383,0.0771869639794168,0.7,0.6161348125980805,45,45,2,3,10,0.0,0.0,0.0,0.0,0.0,0.0,25.8,26.0,9.163,10.85,1.0,1.0,15360.0,0.0,6.510416666666667e-05,4
157,1770351849000,49,49,burst,1770351868000,2,2,19000,19.0,0.3166666666666666,0,133.0,0.9607843137254902,0.0840480274442538,0.4,0.5295281337234723,49,49,2,6,10,0.0,0.0,0.0,0.0,0.0,0.0,20.0,20.0,9.178,10.45,1.0,1.0,15360.0,0.0,6.510416666666667e-05,3
137,1770351868000,48,48,memheavy,1770351936000,2,2,68000,68.0,1.1333333333333333,0,133.0,0.96,0.0823327615780446,0.4,0.5286998284734135,48,48,2,6,10,0.0,0.0,0.0,0.0,0.0,0.0,25.933333333333337,26.0,9.324166666666668,11.15,1.0,1.0,15360.0,0.0,6.510416666666667e-05,4
138,1770351869000,47,47,memheavy,1770351936000,2,2,67000,67.0,1.1166666666666667,0,133.0,0.9591836734693876,0.0806174957118353,0.4,0.5278587181013057,47,47,2,6,10,0.0,0.0,0.0,0.0,0.0,0.0,20.0,20.0,9.211833333333336,10.45,1.0,1.0,15360.0,0.0,6.510416666666667e-05,4
133,1770351937000,47,47,long,1770352265000,2,2,328000,328.0,5.466666666666667,1,133.0,0.9591836734693876,0.0806174957118353,0.5,0.5578587181013057,47,47,2,5,10,0.0,0.0,0.0,0.0,0.0,0.0,25.79,26.0,9.2263,11.07,1.0,1.0,15360.0,0.0,6.510416666666667e-05,2
142,1770351937000,46,46,long,1770352265000,2,2,328000,328.0,5.466666666666667,1,133.0,0.9583333333333334,0.078902229845626,0.5,0.5570040022870212,46,46,2,5,10,0.0,0.0,0.0,0.0,0.0,0.0,20.0,20.0,9.2485,11.35,1.0,1.0,15360.0,0.0,6.510416666666667e-05,2
174,1770352266000,64,64,short,1770352301000,2,2,35000,35.0,0.5833333333333334,0,133.0,0.9696969696969696,0.1097770154373928,0.4,0.5408118925100058,64,64,2,6,10,0.0,0.0,0.0,0.0,0.0,0.0,25.7,26.0,9.292,10.67,1.0,1.0,15360.0,0.0,6.510416666666667e-05,0
175,1770352267000,63,63,short,1770352301000,2,2,34000,34.0,0.5666666666666667,0,133.0,0.9692307692307692,0.1080617495711835,0.4,0.5401108325636628,63,63,2,6,10,0.0,0.0,0.0,0.0,0.0,0.0,20.0,20.0,9.152666666666669,10.25,1.0,1.0,15360.0,0.0,6.510416666666667e-05,0
176,1770352302000,66,66,short,1770352337000,2,2,35000,35.0,0.5833333333333334,0,133.0,0.9850746268656716,0.1132075471698113,0.8,0.6679921148972121,66,66,1,2,10,0.0,0.0,0.0,0.0,0.0,0.0,25.966666666666665,26.0,9.118333333333334,9.98,1.0,1.0,15360.0,0.0,6.510416666666667e-05,0
146,1770352303000,65,65,medium,1770352435000,2,2,132000,132.0,2.2,0,133.0,0.9701492537313432,0.111492281303602,0.8,0.6615073858836179,65,65,2,2,10,0.0,0.0,0.0,0.0,0.0,0.0,20.0,20.0,9.119166666666668,10.75,1.0,1.0,15360.0,0.0,6.510416666666667e-05,1
177,1770352338000,61,61,medium,1770352471000,2,2,133000,133.0,2.216666666666667,0,133.0,0.9682539682539684,0.104631217838765,0.5,0.5686909526532168,61,61,2,5,10,0.0,0.0,0.0,0.0,0.0,0.0,25.575,26.0,9.147416666666668,10.87,1.0,1.0,15360.0,0.0,6.510416666666667e-05,1
179,1770352436000,74,74,medium,1770352569000,2,2,133000,133.0,2.216666666666667,0,133.0,0.9736842105263158,0.1269296740994854,0.4,0.547552586440372,74,74,2,6,10,0.0,0.0,0.0,0.0,0.0,0.0,20.0,20.0,9.166,11.15,1.0,1.0,15360.0,0.0,6.510416666666667e-05,1
130,1770352472000,77,77,medium,1770352605000,2,2,133000,133.0,2.216666666666667,0,133.0,0.9746835443037974,0.1320754716981132,0.8,0.6694960592309529,77,77,2,2,10,0.0,0.0,0.0,0.0,0.0,0.0,25.391666666666666,26.0,9.242833333333332,11.07,1.0,1.0,15360.0,0.0,6.510416666666667e-05,1
153,1770352570000,81,81,short,1770352605000,2,2,35000,35.0,0.5833333333333334,0,133.0,0.9759036144578314,0.1389365351629502,0.7,0.6420424063320177,81,81,2,3,10,0.0,0.0,0.0,0.0,0.0,0.0,20.0,20.0,9.228666666666667,10.55,1.0,1.0,15360.0,0.0,6.510416666666667e-05,0
183,1770352606000,80,80,memheavy,1770352673000,2,2,67000,67.0,1.1166666666666667,0,133.0,0.975609756097561,0.137221269296741,0.8,0.6714102832280466,80,80,2,2,10,0.0,0.0,0.0,0.0,0.0,0.0,25.283333333333335,26.0,9.177,11.17,1.0,1.0,15360.0,0.0,6.510416666666667e-05,4
184,1770352606000,80,80,memheavy,1770352673000,2,2,67000,67.0,1.1166666666666667,0,133.0,0.975609756097561,0.137221269296741,0.8,0.6714102832280466,80,80,2,2,10,0.0,0.0,0.0,0.0,0.0,0.0,20.0,20.0,9.160833333333333,10.45,1.0,1.0,15360.0,0.0,6.510416666666667e-05,4
189,1770352674000,78,78,medium,1770352807000,2,2,133000,133.0,2.216666666666667,0,133.0,0.975,0.1337907375643224,0.8,0.6701372212692968,78,78,2,2,10,0.0,0.0,0.0,0.0,0.0,0.0,25.55,26.0,9.18575,11.17,1.0,1.0,15360.0,0.0,6.510416666666667e-05,1
190,1770352675000,78,78,medium,1770352807000,2,2,132000,132.0,2.2,0,133.0,0.975,0.1337907375643224,0.8,0.6701372212692968,78,78,2,2,10,0.0,0.0,0.0,0.0,0.0,0.0,20.0,20.0,9.286166666666666,11.24,1.0,1.0,15360.0,0.0,6.510416666666667e-05,1
124,1770352809000,83,83,long,1770353137000,2,2,328000,328.0,5.466666666666667,1,133.0,0.976470588235294,0.1423670668953688,0.7,0.6432983553627283,83,83,2,3,10,0.0,0.0,0.0,0.0,0.0,0.0,20.0,20.0,9.1711,11.15,1.0,1.0,15360.0,0.0,6.510416666666667e-05,2
160,1770352809000,83,83,long,1770353137000,2,2,328000,328.0,5.466666666666667,1,133.0,0.976470588235294,0.1423670668953688,0.7,0.6432983553627283,83,83,2,3,10,0.0,0.0,0.0,0.0,0.0,0.0,25.316666666666663,26.0,9.262866666666667,11.17,1.0,1.0,15360.0,0.0,6.510416666666667e-05,2
162,1770353138000,102,102,burst,1770353156000,2,2,18000,18.0,0.3,0,133.0,0.9807692307692308,0.1749571183533447,0.8,0.6847948278136957,102,102,2,2,10,0.0,0.0,0.0,0.0,0.0,0.0,20.0,20.0,9.145333333333332,10.54,1.0,1.0,15360.0,0.0,6.510416666666667e-05,3
143,1770353138000,102,102,long,1770353466000,2,2,328000,328.0,5.466666666666667,1,133.0,0.9807692307692308,0.1749571183533447,0.8,0.6847948278136957,102,102,2,2,10,0.0,0.0,0.0,0.0,0.0,0.0,25.33,26.0,9.155066666666666,11.17,1.0,1.0,15360.0,0.0,6.510416666666667e-05,2
163,1770353158000,98,98,burst,1770353176000,2,2,18000,18.0,0.3,0,133.0,0.98,0.1680960548885077,0.5,0.5924288164665523,98,98,2,5,10,0.0,0.0,0.0,0.0,0.0,0.0,20.0,20.0,9.179333333333334,10.55,1.0,1.0,15360.0,0.0,6.510416666666667e-05,3
167,1770353177000,97,97,burst,1770353195000,2,2,18000,18.0,0.3,0,133.0,0.9797979797979798,0.1663807890222984,0.5,0.5918334286258815,97,97,2,5,10,0.0,0.0,0.0,0.0,0.0,0.0,20.0,20.0,9.212,10.65,1.0,1.0,15360.0,0.0,6.510416666666667e-05,3
168,1770353197000,99,99,burst,1770353215000,2,2,18000,18.0,0.3,0,133.0,0.9801980198019802,0.1698113207547169,0.8,0.6830226041472072,99,99,2,2,10,0.0,0.0,0.0,0.0,0.0,0.0,20.0,20.0,9.292,10.85,1.0,1.0,15360.0,0.0,6.510416666666667e-05,3
201,1770353216000,93,93,burst,1770353234000,2,2,18000,18.0,0.3,0,133.0,0.9789473684210528,0.1595197255574614,0.3,0.5294348650356595,93,93,2,7,10,0.0,0.0,0.0,0.0,0.0,0.0,20.0,20.0,9.239333333333333,10.45,1.0,1.0,15360.0,0.0,6.510416666666667e-05,3
207,1770353236000,92,92,short,1770353270000,2,2,34000,34.0,0.5666666666666667,0,133.0,0.9787234042553192,0.1578044596912521,0.3,0.5288306996095034,92,92,2,7,10,0.0,0.0,0.0,0.0,0.0,0.0,20.0,20.0,9.153666666666668,10.35,1.0,1.0,15360.0,0.0,6.510416666666667e-05,0
208,1770353271000,111,111,medium,1770353404000,2,2,133000,133.0,2.216666666666667,0,133.0,0.9823008849557522,0.1903945111492281,0.8,0.6900387073270693,111,111,2,2,10,0.0,0.0,0.0,0.0,0.0,0.0,19.991666666666667,20.0,9.254083333333334,11.25,1.0,1.0,15360.0,0.0,6.510416666666667e-05,1
170,1770353405000,105,105,burst,1770353424000,2,2,19000,19.0,0.3166666666666666,0,133.0,0.9813084112149532,0.1801029159519725,0.3,0.5365542392715731,105,105,2,7,10,0.0,0.0,0.0,0.0,0.0,0.0,19.8,20.0,9.365333333333332,10.65,1.0,1.0,15360.0,0.0,6.510416666666667e-05,3
149,1770353425000,104,104,burst,1770353443000,2,2,18000,18.0,0.3,0,133.0,0.981132075471698,0.1783876500857633,0.3,0.5359691252144082,104,104,2,7,10,0.0,0.0,0.0,0.0,0.0,0.0,20.0,20.0,9.246666666666666,10.55,1.0,1.0,15360.0,0.0,6.510416666666667e-05,3
211,1770353445000,114,114,burst,1770353463000,2,2,18000,18.0,0.3,0,133.0,0.9827586206896552,0.1955403087478559,0.8,0.6917655409002188,114,114,2,2,10,0.0,0.0,0.0,0.0,0.0,0.0,20.0,20.0,9.312666666666669,11.04,1.0,1.0,15360.0,0.0,6.510416666666667e-05,3
212,1770353464000,113,113,burst,1770353482000,2,2,18000,18.0,0.3,0,133.0,0.982608695652174,0.1938250428816466,0.8,0.6911909911253635,113,113,2,2,10,0.0,0.0,0.0,0.0,0.0,0.0,20.0,20.0,9.185333333333334,10.35,1.0,1.0,15360.0,0.0,6.510416666666667e-05,3
213,1770353467000,112,112,burst,1770353486000,2,2,19000,19.0,0.3166666666666666,0,133.0,0.9824561403508772,0.1921097770154373,0.8,0.690615389244982,112,112,2,2,10,0.0,0.0,0.0,0.0,0.0,0.0,25.066666666666663,26.0,9.201333333333334,10.28,1.0,1.0,15360.0,0.0,6.510416666666667e-05,3
214,1770353484000,111,111,burst,1770353502000,2,2,18000,18.0,0.3,0,133.0,0.9823008849557522,0.1903945111492281,0.8,0.6900387073270693,111,111,2,2,10,0.0,0.0,0.0,0.0,0.0,0.0,20.0,20.0,9.311333333333334,11.15,1.0,1.0,15360.0,0.0,6.510416666666667e-05,3
215,1770353487000,110,110,burst,1770353505000,2,2,18000,18.0,0.3,0,133.0,0.9821428571428572,0.1886792452830188,0.8,0.6894609164420484,110,110,2,2,10,0.0,0.0,0.0,0.0,0.0,0.0,25.133333333333333,26.0,9.272666666666668,10.67,1.0,1.0,15360.0,0.0,6.510416666666667e-05,3
216,1770353503000,109,109,burst,1770353522000,2,2,19000,19.0,0.3166666666666666,0,133.0,0.981981981981982,0.1869639794168096,0.8,0.6888819866178357,109,109,2,2,10,0.0,0.0,0.0,0.0,0.0,0.0,20.0,20.0,9.207333333333334,10.45,1.0,1.0,15360.0,0.0,6.510416666666667e-05,3
217,1770353507000,108,108,burst,1770353525000,2,2,18000,18.0,0.3,0,133.0,0.9818181818181818,0.1852487135506003,0.8,0.6883018867924529,108,108,2,2,10,0.0,0.0,0.0,0.0,0.0,0.0,25.066666666666663,26.0,9.459333333333335,10.87,1.0,1.0,15360.0,0.0,6.510416666666667e-05,3
218,1770353523000,104,104,burst,1770353541000,2,2,18000,18.0,0.3,0,133.0,0.981132075471698,0.1783876500857633,0.5,0.5959691252144083,104,104,2,5,10,0.0,0.0,0.0,0.0,0.0,0.0,20.0,20.0,9.246,10.35,1.0,1.0,15360.0,0.0,6.510416666666667e-05,3
222,1770353526000,103,103,short,1770353561000,2,2,35000,35.0,0.5833333333333334,0,133.0,0.9809523809523808,0.176672384219554,0.5,0.5953826676468186,103,103,2,5,10,0.0,0.0,0.0,0.0,0.0,0.0,25.2,26.0,9.393,10.47,1.0,1.0,15360.0,0.0,6.510416666666667e-05,0
223,1770353542000,102,102,short,1770353577000,2,2,35000,35.0,0.5833333333333334,0,133.0,0.9807692307692308,0.1749571183533447,0.5,0.5947948278136957,102,102,2,5,10,0.0,0.0,0.0,0.0,0.0,0.0,19.866666666666667,20.0,9.315333333333331,10.95,1.0,1.0,15360.0,0.0,6.510416666666667e-05,0
224,1770353562000,104,104,short,1770353597000,2,2,35000,35.0,0.5833333333333334,0,133.0,0.981132075471698,0.1783876500857633,0.8,0.6859691252144082,104,104,2,2,10,0.0,0.0,0.0,0.0,0.0,0.0,25.466666666666665,26.0,9.448333333333332,10.97,1.0,1.0,15360.0,0.0,6.510416666666667e-05,0
225,1770353578000,103,103,short,1770353613000,2,2,35000,35.0,0.5833333333333334,0,133.0,0.9809523809523808,0.176672384219554,0.8,0.6853826676468187,103,103,2,2,10,0.0,0.0,0.0,0.0,0.0,0.0,19.766666666666666,20.0,9.265,10.94,1.0,1.0,15360.0,0.0,6.510416666666667e-05,0
135,1770353598000,97,97,memheavy,1770353665000,2,2,67000,67.0,1.1166666666666667,0,133.0,0.9797979797979798,0.1663807890222984,0.3,0.5318334286258815,97,97,2,7,10,0.0,0.0,0.0,0.0,0.0,0.0,25.666666666666668,26.0,9.341833333333334,10.97,1.0,1.0,15360.0,0.0,6.510416666666667e-05,4
150,1770353614000,96,96,burst,1770353632000,2,2,18000,18.0,0.3,0,133.0,0.979591836734694,0.1646655231560892,0.3,0.5312363916407044,96,96,2,7,10,0.0,0.0,0.0,0.0,0.0,0.0,19.733333333333334,20.0,9.159333333333333,10.35,1.0,1.0,15360.0,0.0,6.510416666666667e-05,3
151,1770353633000,108,108,burst,1770353652000,2,2,19000,19.0,0.3166666666666666,0,133.0,0.9818181818181818,0.1852487135506003,0.8,0.6883018867924529,108,108,2,2,10,0.0,0.0,0.0,0.0,0.0,0.0,19.666666666666668,20.0,9.284666666666668,10.94,1.0,1.0,15360.0,0.0,6.510416666666667e-05,3
226,1770353653000,107,107,medium,1770353786000,2,2,133000,133.0,2.216666666666667,0,133.0,0.981651376146789,0.1835334476843911,0.8,0.6877205847640329,107,107,2,2,10,0.0,0.0,0.0,0.0,0.0,0.0,19.591666666666665,20.0,9.105583333333334,10.85,1.0,1.0,15360.0,0.0,6.510416666666667e-05,1
227,1770353666000,106,106,medium,1770353799000,2,2,133000,133.0,2.216666666666667,0,133.0,0.9814814814814816,0.1818181818181818,0.8,0.6871380471380472,106,106,2,2,10,0.0,0.0,0.0,0.0,0.0,0.0,25.725,26.0,9.194666666666668,10.87,1.0,1.0,15360.0,0.0,6.510416666666667e-05,1
228,1770353787000,102,102,medium,1770353920000,2,2,133000,133.0,2.216666666666667,0,133.0,0.9807692307692308,0.1749571183533447,0.5,0.5947948278136957,102,102,2,5,10,0.0,0.0,0.0,0.0,0.0,0.0,19.05,20.0,9.18,11.14,1.0,1.0,15360.0,0.0,6.510416666666667e-05,1
152,1770353800000,99,99,burst,1770353818000,2,2,18000,18.0,0.3,0,133.0,0.9801980198019802,0.1698113207547169,0.3,0.5330226041472071,99,99,2,7,10,0.0,0.0,0.0,0.0,0.0,0.0,25.6,26.0,9.133333333333333,10.17,1.0,1.0,15360.0,0.0,6.510416666666667e-05,3
233,1770353820000,108,108,memheavy,1770353887000,2,2,67000,67.0,1.1166666666666667,0,133.0,0.9818181818181818,0.1852487135506003,0.3,0.5383018867924528,108,108,2,7,10,0.0,0.0,0.0,0.0,0.0,0.0,25.25,26.0,9.203833333333334,11.17,1.0,1.0,15360.0,0.0,6.510416666666667e-05,4
234,1770353888000,112,112,memheavy,1770353956000,2,2,68000,68.0,1.1333333333333333,0,133.0,0.9824561403508772,0.1921097770154373,0.8,0.690615389244982,112,112,2,2,10,0.0,0.0,0.0,0.0,0.0,0.0,25.166666666666668,26.0,9.211666666666668,10.98,1.0,1.0,15360.0,0.0,6.510416666666667e-05,4
235,1770353921000,111,111,memheavy,1770353988000,2,2,67000,67.0,1.1166666666666667,0,133.0,0.9823008849557522,0.1903945111492281,0.8,0.6900387073270693,111,111,2,2,10,0.0,0.0,0.0,0.0,0.0,0.0,19.0,19.0,9.142333333333331,10.75,1.0,1.0,15360.0,0.0,6.510416666666667e-05,4
236,1770353957000,110,110,memheavy,1770354024000,2,2,67000,67.0,1.1166666666666667,0,133.0,0.9821428571428572,0.1886792452830188,0.8,0.6894609164420484,110,110,2,2,10,0.0,0.0,0.0,0.0,0.0,0.0,25.116666666666667,26.0,9.095833333333331,10.17,1.0,1.0,15360.0,0.0,6.510416666666667e-05,4
139,1770353989000,111,111,medium,1770354122000,2,2,133000,133.0,2.216666666666667,0,133.0,0.9823008849557522,0.1903945111492281,0.0,0.4500387073270693,111,111,2,10,10,0.0,0.0,0.0,0.0,0.0,0.0,19.058333333333337,20.0,9.298,10.95,1.0,1.0,15360.0,0.0,6.510416666666667e-05,1
191,1770354025000,118,118,long,1770354354000,2,2,329000,329.0,5.483333333333333,1,133.0,0.9833333333333332,0.2024013722126929,0.8,0.6940537449971411,118,118,2,2,10,0.0,0.0,0.0,0.0,0.0,0.0,25.383333333333333,26.0,9.2504,10.97,1.0,1.0,15360.0,0.0,6.510416666666667e-05,2
192,1770354124000,117,117,long,1770354452000,2,2,328000,328.0,5.466666666666667,1,133.0,0.9831932773109244,0.2006861063464837,0.8,0.6934831428283148,117,117,2,2,10,0.0,0.0,0.0,0.0,0.0,0.0,19.0,19.0,9.190733333333332,11.14,1.0,1.0,15360.0,0.0,6.510416666666667e-05,2
248,1770354355000,137,137,burst,1770354373000,2,2,18000,18.0,0.3,0,133.0,0.9856115107913668,0.2349914236706689,0.8,0.7047420314177475,137,137,2,2,10,0.0,0.0,0.0,0.0,0.0,0.0,25.8,26.0,9.124666666666666,9.77,1.0,1.0,15360.0,0.0,6.510416666666667e-05,3
200,1770354374000,128,128,burst,1770354393000,2,2,19000,19.0,0.3166666666666666,0,133.0,0.9846153846153848,0.2195540308747856,0.0,0.4597123631085896,128,128,2,10,10,0.0,0.0,0.0,0.0,0.0,0.0,25.933333333333337,26.0,9.211333333333334,11.07,1.0,1.0,15360.0,0.0,6.510416666666667e-05,3
250,1770354394000,135,135,burst,1770354412000,2,2,18000,18.0,0.3,0,133.0,0.9854014598540146,0.2315608919382504,0.8,0.703628851523081,135,135,2,2,10,0.0,0.0,0.0,0.0,0.0,0.0,25.666666666666668,26.0,9.289333333333332,11.16,1.0,1.0,15360.0,0.0,6.510416666666667e-05,3
251,1770354413000,134,134,short,1770354448000,2,2,35000,35.0,0.5833333333333334,0,133.0,0.9852941176470588,0.2298456260720411,0.8,0.7030713348804359,134,134,2,2,10,0.0,0.0,0.0,0.0,0.0,0.0,25.566666666666663,26.0,9.178333333333336,10.77,1.0,1.0,15360.0,0.0,6.510416666666667e-05,0
252,1770354449000,133,133,medium,1770354582000,2,2,133000,133.0,2.216666666666667,0,133.0,0.9851851851851852,0.2281303602058319,0.8,0.7025131821358237,133,133,2,2,10,0.0,0.0,0.0,0.0,0.0,0.0,25.366666666666667,26.0,9.165083333333332,11.07,1.0,1.0,15360.0,0.0,6.510416666666667e-05,1
253,1770354453000,132,132,long,1770354781000,2,2,328000,328.0,5.466666666666667,1,133.0,0.9850746268656716,0.2264150943396226,0.8,0.7019543790481555,132,132,2,2,10,0.0,0.0,0.0,0.0,0.0,0.0,19.0,19.0,9.211,11.04,1.0,1.0,15360.0,0.0,6.510416666666667e-05,2
166,1770354583000,139,139,burst,1770354602000,2,2,19000,19.0,0.3166666666666666,0,133.0,0.9858156028368794,0.2384219554030874,0.8,0.705852827755678,139,139,2,2,10,0.0,0.0,0.0,0.0,0.0,0.0,25.466666666666665,26.0,9.289333333333332,10.56,1.0,1.0,15360.0,0.0,6.510416666666667e-05,3
202,1770354603000,138,138,short,1770354637000,2,2,34000,34.0,0.5666666666666667,0,133.0,0.9857142857142858,0.2367066895368782,0.8,0.7052977211467778,138,138,2,2,10,0.0,0.0,0.0,0.0,0.0,0.0,25.1,26.0,9.274,10.96,1.0,1.0,15360.0,0.0,6.510416666666667e-05,0
203,1770354639000,137,137,medium,1770354771000,2,2,132000,132.0,2.2,0,133.0,0.9856115107913668,0.2349914236706689,0.8,0.7047420314177475,137,137,2,2,10,0.0,0.0,0.0,0.0,0.0,0.0,25.466666666666665,26.0,9.222916666666666,11.16,1.0,1.0,15360.0,0.0,6.510416666666667e-05,1
204,1770354773000,138,138,long,1770355101000,2,2,328000,328.0,5.466666666666667,1,133.0,0.9857142857142858,0.2367066895368782,0.0,0.4652977211467778,138,138,2,10,10,0.0,0.0,0.0,0.0,0.0,0.0,25.60333333333333,26.0,9.263733333333333,11.16,1.0,1.0,15360.0,0.0,6.510416666666667e-05,2
266,1770354782000,137,137,burst,1770354801000,2,2,19000,19.0,0.3166666666666666,0,133.0,0.9856115107913668,0.2349914236706689,0.0,0.4647420314177474,137,137,2,10,10,0.0,0.0,0.0,0.0,0.0,0.0,19.0,19.0,9.254666666666669,10.55,1.0,1.0,15360.0,0.0,6.510416666666667e-05,3
267,1770354802000,144,144,burst,1770354820000,2,2,18000,18.0,0.3,0,133.0,0.9863013698630136,0.2469982847341338,0.8,0.7086200333654455,144,144,2,2,10,0.0,0.0,0.0,0.0,0.0,0.0,19.0,19.0,9.179333333333334,10.45,1.0,1.0,15360.0,0.0,6.510416666666667e-05,3
268,1770354821000,143,143,burst,1770354840000,2,2,19000,19.0,0.3166666666666666,0,133.0,0.986206896551724,0.2452830188679245,0.8,0.708067664281067,143,143,2,2,10,0.0,0.0,0.0,0.0,0.0,0.0,19.0,19.0,9.172666666666666,10.45,1.0,1.0,15360.0,0.0,6.510416666666667e-05,3
269,1770354841000,142,142,burst,1770354859000,2,2,18000,18.0,0.3,0,133.0,0.9861111111111112,0.2435677530017152,0.8,0.707514770344959,142,142,2,2,10,0.0,0.0,0.0,0.0,0.0,0.0,19.0,19.0,9.23,10.25,1.0,1.0,15360.0,0.0,6.510416666666667e-05,3
270,1770354860000,141,141,short,1770354895000,2,2,35000,35.0,0.5833333333333334,0,133.0,0.986013986013986,0.241852487135506,0.8,0.7069613405462463,141,141,2,2,10,0.0,0.0,0.0,0.0,0.0,0.0,19.0,19.0,9.21,10.75,1.0,1.0,15360.0,0.0,6.510416666666667e-05,0
271,1770354896000,140,140,short,1770354931000,2,2,35000,35.0,0.5833333333333334,0,133.0,0.9859154929577464,0.2401372212692967,0.8,0.7064073635638877,140,140,2,2,10,0.0,0.0,0.0,0.0,0.0,0.0,19.0,19.0,9.33,11.15,1.0,1.0,15360.0,0.0,6.510416666666667e-05,0
272,1770354932000,149,149,short,1770354967000,2,2,35000,35.0,0.5833333333333334,0,133.0,0.9867549668874172,0.2555746140651801,0.8,0.7113743709745209,149,149,2,2,10,0.0,0.0,0.0,0.0,0.0,0.0,19.0,19.0,9.165666666666668,10.55,1.0,1.0,15360.0,0.0,6.510416666666667e-05,0
